{
	"credit": "Made with Blockbench",
	"parent": "block/block",
	"textures": {
		"0": "block/azalea_leaves",
		"1": "block/azalea_leaves_bushy",
		"particle": "block/azalea_leaves"
	},
	"elements": [
		{
			"from": [0, 0, 0],
			"to": [16, 16, 16],
			"faces": {
				"north": {"uv": [0, 0, 16, 16], "texture": "#0", "cullface": "north"},
				"east": {"uv": [0, 0, 16, 16], "texture": "#0", "cullface": "east"},
				"south": {"uv": [0, 0, 16, 16], "texture": "#0", "cullface": "south"},
				"west": {"uv": [0, 0, 16, 16], "texture": "#0", "cullface": "west"},
				"up": {"uv": [0, 0, 16, 16], "texture": "#0", "cullface": "up"},
				"down": {"uv": [16, 16, 0, 0], "texture": "#0", "cullface": "down"}
			}
		},
		{
			"from": [7.67785, -7.95917, -8.10491],
			"to": [7.67785, 24.04083, 23.89509],
			"shade": false,
			"rotation": {"angle": 22.5, "axis": "z", "origin": [7.85342, 8, 7.89509]},
			"faces": {
				"east": {"uv": [0, 0, 16, 16], "rotation": 270, "texture": "#1"},
				"west": {"uv": [0, 0, 16, 16], "rotation": 90, "texture": "#1"}
			}
		},
		{
			"from": [-7.97101, 7.95917, -8.10491],
			"to": [24.02899, 7.95917, 23.89509],
			"shade": false,
			"rotation": {"angle": 22.5, "axis": "z", "origin": [7.85342, 8, 7.89509]},
			"faces": {
				"up": {"uv": [0, 0, 16, 16], "rotation": 180, "texture": "#1"},
				"down": {"uv": [0, 0, 16, 16], "texture": "#1"}
			}
		}
	],
	"groups": [
		0,
		{
			"name": "group",
			"origin": [14.125, -8, -6.8125],
			"color": 0,
			"shade": false,
			"children": [1, 2]
		}
	]
}