{
	"format_version": "1.21.6",
	"credit": "Made with Blockbench",
	"textures": {
		"1": "block/beehive_side",
		"2": "block/beehive_end",
		"3": "block/beehive_front_honey",
		"particle": "block/beehive_front"
	},
	"elements": [
		{
			"from": [0, 0, 0],
			"to": [16, 16, 16],
			"faces": {
				"north": {"uv": [0, 0, 16, 16], "texture": "#3"},
				"east": {"uv": [0, 0, 16, 16], "texture": "#1"},
				"south": {"uv": [0, 0, 16, 16], "texture": "#1"},
				"west": {"uv": [0, 0, 16, 16], "texture": "#1"},
				"up": {"uv": [0, 0, 16, 16], "texture": "#2"},
				"down": {"uv": [0, 0, 16, 16], "texture": "#2"}
			}
		},
		{
			"from": [-0.75736, 11.24264, 0],
			"to": [1.24264, 28.74264, 16],
			"rotation": {"angle": -45, "axis": "z", "origin": [1.24264, 17.24264, 0]},
			"faces": {
				"north": {"uv": [0, 4, 16, 6], "rotation": 90, "texture": "#2"},
				"east": {"uv": [0, 0, 16, 16], "rotation": 270, "texture": "#2"},
				"south": {"uv": [0, 4, 16, 6], "rotation": 270, "texture": "#2"},
				"west": {"uv": [16, 0, 0, 16], "rotation": 270, "texture": "#2"},
				"up": {"uv": [0, 0, 16, 2], "rotation": 270, "texture": "#2"},
				"down": {"uv": [0, 4, 16, 6], "rotation": 270, "texture": "#2"}
			}
		},
		{
			"from": [16.15, 12.05614, 0],
			"to": [18.15, 27.65614, 16],
			"rotation": {"angle": 45, "axis": "z", "origin": [16.47482, 15.87381, 16]},
			"faces": {
				"north": {"uv": [0, 4, 15, 6], "rotation": 270, "texture": "#2"},
				"east": {"uv": [16, 0, 1, 16], "rotation": 270, "texture": "#2"},
				"south": {"uv": [1, 4, 16, 6], "rotation": 90, "texture": "#2"},
				"west": {"uv": [0, 0, 15, 16], "rotation": 270, "texture": "#2"},
				"up": {"uv": [0, 0, 2, 2], "rotation": 90, "texture": "#missing"},
				"down": {"uv": [0, 4, 15, 6], "rotation": 90, "texture": "#2"}
			}
		},
		{
			"from": [0, 16, 13.9],
			"to": [16.5, 18, 15.9],
			"rotation": {"angle": 0, "axis": "y", "origin": [0, 16, 13]},
			"faces": {
				"north": {"uv": [0, 0, 16, 2], "texture": "#missing"},
				"east": {"uv": [0, 0, 2, 2], "texture": "#missing"},
				"south": {"uv": [1, 9, 15, 11], "texture": "#2"},
				"west": {"uv": [0, 0, 2, 2], "texture": "#missing"},
				"up": {"uv": [0, 0, 16, 2], "texture": "#missing"},
				"down": {"uv": [0, 0, 16, 2], "texture": "#missing"}
			}
		},
		{
			"from": [2, 18, 13.9],
			"to": [14.5, 20, 15.9],
			"rotation": {"angle": 0, "axis": "y", "origin": [2, 18, 13]},
			"faces": {
				"north": {"uv": [0, 0, 16, 2], "texture": "#missing"},
				"east": {"uv": [0, 0, 2, 2], "texture": "#missing"},
				"south": {"uv": [1, 6, 11, 8], "texture": "#2"},
				"west": {"uv": [0, 0, 2, 2], "texture": "#missing"},
				"up": {"uv": [0, 0, 16, 2], "texture": "#missing"},
				"down": {"uv": [0, 0, 16, 2], "texture": "#missing"}
			}
		},
		{
			"from": [4, 20, 13.9],
			"to": [12.5, 22, 15.9],
			"rotation": {"angle": 0, "axis": "y", "origin": [4, 20, 13]},
			"faces": {
				"north": {"uv": [0, 0, 16, 2], "texture": "#missing"},
				"east": {"uv": [0, 0, 2, 2], "texture": "#missing"},
				"south": {"uv": [1, 4, 12, 6], "texture": "#2"},
				"west": {"uv": [0, 0, 2, 2], "texture": "#missing"},
				"up": {"uv": [0, 0, 16, 2], "texture": "#missing"},
				"down": {"uv": [0, 0, 16, 2], "texture": "#missing"}
			}
		},
		{
			"from": [6, 22, 13.9],
			"to": [10.5, 24, 15.9],
			"rotation": {"angle": 0, "axis": "y", "origin": [6, 22, 13]},
			"faces": {
				"north": {"uv": [0, 0, 16, 2], "texture": "#missing"},
				"east": {"uv": [0, 0, 2, 2], "texture": "#missing"},
				"south": {"uv": [1, 11, 5, 13], "texture": "#2"},
				"west": {"uv": [0, 0, 2, 2], "texture": "#missing"},
				"up": {"uv": [0, 0, 16, 2], "texture": "#missing"},
				"down": {"uv": [0, 0, 16, 2], "texture": "#missing"}
			}
		},
		{
			"from": [0, 16, 0.1],
			"to": [16.5, 18, 2.1],
			"rotation": {"angle": 0, "axis": "y", "origin": [8.25, 20, 1.9]},
			"faces": {
				"north": {"uv": [1, 9, 15, 11], "texture": "#2"},
				"east": {"uv": [0, 0, 2, 2], "texture": "#missing"},
				"south": {"uv": [0, 0, 16, 2], "texture": "#missing"},
				"west": {"uv": [0, 0, 2, 2], "texture": "#missing"},
				"up": {"uv": [0, 0, 16, 2], "rotation": 180, "texture": "#missing"},
				"down": {"uv": [0, 0, 16, 2], "rotation": 180, "texture": "#missing"}
			}
		},
		{
			"from": [2, 18, 0.1],
			"to": [14.5, 20, 2.1],
			"rotation": {"angle": 0, "axis": "y", "origin": [8.25, 20, 1.9]},
			"faces": {
				"north": {"uv": [1, 6, 11, 8], "texture": "#2"},
				"east": {"uv": [0, 0, 2, 2], "texture": "#missing"},
				"south": {"uv": [0, 0, 16, 2], "texture": "#missing"},
				"west": {"uv": [0, 0, 2, 2], "texture": "#missing"},
				"up": {"uv": [0, 0, 16, 2], "rotation": 180, "texture": "#missing"},
				"down": {"uv": [0, 0, 16, 2], "rotation": 180, "texture": "#missing"}
			}
		},
		{
			"from": [4, 20, 0.1],
			"to": [12.5, 22, 2.1],
			"rotation": {"angle": 0, "axis": "y", "origin": [8.25, 20, 1.9]},
			"faces": {
				"north": {"uv": [3, 4, 15, 6], "texture": "#2"},
				"east": {"uv": [0, 0, 2, 2], "texture": "#missing"},
				"south": {"uv": [0, 0, 16, 2], "texture": "#missing"},
				"west": {"uv": [0, 0, 2, 2], "texture": "#missing"},
				"up": {"uv": [0, 0, 16, 2], "rotation": 180, "texture": "#missing"},
				"down": {"uv": [0, 0, 16, 2], "rotation": 180, "texture": "#missing"}
			}
		},
		{
			"from": [6, 22, 0.1],
			"to": [10.5, 24, 2.1],
			"rotation": {"angle": 0, "axis": "y", "origin": [8.25, 20, 1.9]},
			"faces": {
				"north": {"uv": [1, 11, 5, 13], "texture": "#2"},
				"east": {"uv": [0, 0, 2, 2], "texture": "#missing"},
				"south": {"uv": [0, 0, 16, 2], "texture": "#missing"},
				"west": {"uv": [0, 0, 2, 2], "texture": "#missing"},
				"up": {"uv": [0, 0, 16, 2], "rotation": 180, "texture": "#missing"},
				"down": {"uv": [0, 0, 16, 2], "rotation": 180, "texture": "#missing"}
			}
		}
	],
	"display": {
		"thirdperson_righthand": {
			"translation": [0, 0.75, 0],
			"scale": [0.3, 0.3, 0.3]
		},
		"thirdperson_lefthand": {
			"translation": [0, 0.75, 0],
			"scale": [0.3, 0.3, 0.3]
		},
		"firstperson_righthand": {
			"rotation": [0, 136, 0],
			"translation": [2.5, 1.25, 0],
			"scale": [0.3, 0.3, 0.3]
		},
		"firstperson_lefthand": {
			"rotation": [0, 127, 0],
			"translation": [2.5, 1.5, 0],
			"scale": [0.3, 0.3, 0.3]
		},
		"ground": {
			"scale": [0.27, 0.27, 0.27]
		},
		"gui": {
			"rotation": [33, -39, 0],
			"translation": [0, -1.75, 0],
			"scale": [0.53, 0.53, 0.53]
		},
		"fixed": {
			"translation": [0, -2.25, 0],
			"scale": [0.5, 0.5, 0.5]
		}
	},
	"groups": [
		0,
		1,
		2,
		{
			"name": "group",
			"origin": [6, 22, 13],
			"color": 0,
			"children": [3, 4, 5, 6]
		},
		{
			"name": "group",
			"origin": [6, 22, 13],
			"color": 0,
			"children": [7, 8, 9, 10]
		}
	]
}