{
	"credit": "Made with Blockbench",
	"ambientocclusion": false,
	"textures": {
		"0": "block/cactus_flower",
		"1": "block/cactus_flower_small",
		"particle": "block/cactus_flower"
	},
	"elements": [
		{
			"from": [0.8, 0, 8],
			"to": [15.2, 16, 8],
			"shade": false,
			"rotation": {"angle": 45, "axis": "y", "origin": [8, 8, 8], "rescale": true},
			"faces": {
				"north": {"uv": [0, 0, 16, 16], "texture": "#0"},
				"south": {"uv": [0, 0, 16, 16], "texture": "#0"}
			}
		},
		{
			"from": [8, 0, 0.8],
			"to": [8, 16, 15.2],
			"shade": false,
			"rotation": {"angle": 45, "axis": "y", "origin": [8, 8, 8], "rescale": true},
			"faces": {
				"east": {"uv": [0, 0, 16, 16], "texture": "#0"},
				"west": {"uv": [0, 0, 16, 16], "texture": "#0"}
			}
		},
		{
			"from": [0.81776, 9.99892, 8.00092],
			"to": [15.21776, 9.99892, 24.00092],
			"shade": false,
			"rotation": {"angle": -45, "axis": "x", "origin": [8.01776, 9.99892, 16.00092], "rescale": true},
			"faces": {
				"up": {"uv": [0, 0, 16, 16], "rotation": 180, "texture": "#1"},
				"down": {"uv": [0, 0, 16, 16], "texture": "#1"}
			}
		},
		{
			"from": [0.81776, 9.99892, -7.99951],
			"to": [15.21776, 9.99892, 8.00049],
			"shade": false,
			"rotation": {"angle": 45, "axis": "x", "origin": [8.01776, 9.99892, 0.00049], "rescale": true},
			"faces": {
				"up": {"uv": [0, 0, 16, 16], "texture": "#1"},
				"down": {"uv": [0, 0, 16, 16], "rotation": 180, "texture": "#1"}
			}
		},
		{
			"from": [-8.00092, 9.99892, 0.78224],
			"to": [7.99908, 9.99892, 15.18224],
			"shade": false,
			"rotation": {"angle": -45, "axis": "z", "origin": [-0.00092, 9.99892, 7.98224], "rescale": true},
			"faces": {
				"up": {"uv": [0, 0, 16, 16], "rotation": 270, "texture": "#1"},
				"down": {"uv": [0, 0, 16, 16], "rotation": 270, "texture": "#1"}
			}
		},
		{
			"from": [8.00092, 9.99892, 0.78224],
			"to": [24.00092, 9.99892, 15.18224],
			"shade": false,
			"rotation": {"angle": 45, "axis": "z", "origin": [16.00092, 9.99892, 7.98224], "rescale": true},
			"faces": {
				"up": {"uv": [0, 0, 16, 16], "rotation": 90, "texture": "#1"},
				"down": {"uv": [0, 0, 16, 16], "rotation": 90, "texture": "#1"}
			}
		}
	]
}