{
	"format_version": "1.21.6",
	"credit": "Made with Blockbench",
	"ambientocclusion": false,
	"textures": {
		"0": "block/end_stone",
		"2": "block/end_grass1",
		"3": "block/end_grass1_fixed_mirroring",
		"4": "block/grassy_end_stone",
		"particle": "block/end_grass1"
	},
	"elements": [
		{
			"from": [0, 0, 0],
			"to": [16, 16, 16],
			"faces": {
				"north": {"uv": [0, 0, 16, 16], "texture": "#0", "cullface": "north"},
				"east": {"uv": [0, 0, 16, 16], "texture": "#0", "cullface": "east"},
				"south": {"uv": [0, 0, 16, 16], "texture": "#0", "cullface": "south"},
				"west": {"uv": [0, 0, 16, 16], "texture": "#0", "cullface": "west"},
				"up": {"uv": [0, 0, 16, 16], "texture": "#4", "cullface": "up"},
				"down": {"uv": [0, 0, 16, 16], "texture": "#0", "cullface": "down"}
			}
		},
		{
			"from": [13.55195, 18, 5.44805],
			"to": [14.55195, 22, 5.44805],
			"shade": false,
			"rotation": {"angle": -45, "axis": "y", "origin": [5, 21.25, 5.44805], "rescale": true},
			"faces": {
				"north": {"uv": [15, 10, 14, 14], "texture": "#2", "cullface": "up"},
				"south": {"uv": [14, 10, 15, 14], "texture": "#2", "cullface": "up"}
			}
		},
		{
			"from": [7.55195, 17, 8.44805],
			"to": [13.55195, 23, 8.44805],
			"shade": false,
			"rotation": {"angle": -45, "axis": "y", "origin": [8, 20.25, 8.44805], "rescale": true},
			"faces": {
				"north": {"uv": [14, 9, 8, 15], "texture": "#2", "cullface": "up"},
				"south": {"uv": [8, 9, 14, 15], "texture": "#3", "cullface": "up"}
			}
		},
		{
			"from": [11.55195, 16, 10.44805],
			"to": [13.55195, 17, 10.44805],
			"shade": false,
			"rotation": {"angle": -45, "axis": "y", "origin": [10, 20.25, 10.44805], "rescale": true},
			"faces": {
				"north": {"uv": [14, 15, 12, 16], "texture": "#2", "cullface": "up"},
				"south": {"uv": [12, 15, 14, 16], "texture": "#2", "cullface": "up"}
			}
		},
		{
			"from": [7.55195, 16, 8.44805],
			"to": [10.55195, 17, 8.44805],
			"shade": false,
			"rotation": {"angle": -45, "axis": "y", "origin": [8, 20.25, 8.44805], "rescale": true},
			"faces": {
				"north": {"uv": [11, 15, 8, 16], "texture": "#2", "cullface": "up"},
				"south": {"uv": [8, 15, 11, 16], "texture": "#2", "cullface": "up"}
			}
		},
		{
			"from": [7.55195, 23, 8.44805],
			"to": [12.55195, 25, 8.44805],
			"shade": false,
			"rotation": {"angle": -45, "axis": "y", "origin": [8, 20.25, 8.44805], "rescale": true},
			"faces": {
				"north": {"uv": [13, 7, 8, 9], "texture": "#2", "cullface": "up"},
				"south": {"uv": [8, 7, 13, 9], "texture": "#3", "cullface": "up"}
			}
		},
		{
			"from": [1.577, 23, 7.44805],
			"to": [7.577, 24, 7.44805],
			"shade": false,
			"rotation": {"angle": -45, "axis": "y", "origin": [7, 20.25, 7.44805], "rescale": true},
			"faces": {
				"north": {"uv": [8, 8, 2, 9], "texture": "#2", "cullface": "up"},
				"south": {"uv": [2, 8, 8, 9], "texture": "#2", "cullface": "up"}
			}
		},
		{
			"from": [0.55195, 18, 8.44805],
			"to": [7.55195, 23, 8.44805],
			"shade": false,
			"rotation": {"angle": -45, "axis": "y", "origin": [8, 20.25, 8.44805], "rescale": true},
			"faces": {
				"north": {"uv": [8, 9, 1, 14], "texture": "#2", "cullface": "up"},
				"south": {"uv": [1, 9, 8, 14], "texture": "#2", "cullface": "up"}
			}
		},
		{
			"from": [1.55195, 16, 9.44805],
			"to": [6.55195, 18, 9.44805],
			"shade": false,
			"rotation": {"angle": -45, "axis": "y", "origin": [9, 20.25, 9.44805], "rescale": true},
			"faces": {
				"north": {"uv": [7, 14, 2, 16], "texture": "#2", "cullface": "up"},
				"south": {"uv": [2, 14, 7, 16], "texture": "#2", "cullface": "up"}
			}
		},
		{
			"from": [10, 18, 14],
			"to": [10, 22, 15],
			"shade": false,
			"rotation": {"angle": -45, "axis": "y", "origin": [10, 21.25, 5.44805], "rescale": true},
			"faces": {
				"east": {"uv": [15, 10, 14, 14], "texture": "#2", "cullface": "up"},
				"west": {"uv": [14, 10, 15, 14], "texture": "#2", "cullface": "up"}
			}
		},
		{
			"from": [7, 17, 8],
			"to": [7, 23, 14],
			"shade": false,
			"rotation": {"angle": -45, "axis": "y", "origin": [7, 20.25, 8.44805], "rescale": true},
			"faces": {
				"east": {"uv": [14, 9, 8, 15], "texture": "#2", "cullface": "up"},
				"west": {"uv": [8, 9, 14, 15], "texture": "#2", "cullface": "up"}
			}
		},
		{
			"from": [5, 16, 12],
			"to": [5, 17, 14],
			"shade": false,
			"rotation": {"angle": -45, "axis": "y", "origin": [5, 20.25, 10.44805], "rescale": true},
			"faces": {
				"east": {"uv": [14, 15, 12, 16], "texture": "#2", "cullface": "up"},
				"west": {"uv": [12, 15, 14, 16], "texture": "#2", "cullface": "up"}
			}
		},
		{
			"from": [7, 16, 8],
			"to": [7, 17, 11],
			"shade": false,
			"rotation": {"angle": -45, "axis": "y", "origin": [7, 20.25, 8.44805], "rescale": true},
			"faces": {
				"east": {"uv": [11, 15, 8, 16], "texture": "#2", "cullface": "up"},
				"west": {"uv": [8, 15, 11, 16], "texture": "#2", "cullface": "up"}
			}
		},
		{
			"from": [7, 23, 8],
			"to": [7, 25, 13],
			"shade": false,
			"rotation": {"angle": -45, "axis": "y", "origin": [7, 20.25, 8.44805], "rescale": true},
			"faces": {
				"east": {"uv": [13, 7, 8, 9], "texture": "#2", "cullface": "up"},
				"west": {"uv": [8, 7, 13, 9], "texture": "#2", "cullface": "up"}
			}
		},
		{
			"from": [8, 23, 2],
			"to": [8, 24, 8],
			"shade": false,
			"rotation": {"angle": -45, "axis": "y", "origin": [8, 20.25, 7.44805], "rescale": true},
			"faces": {
				"east": {"uv": [8, 8, 2, 9], "texture": "#2", "cullface": "up"},
				"west": {"uv": [2, 8, 8, 9], "texture": "#2", "cullface": "up"}
			}
		},
		{
			"from": [7, 18, 1],
			"to": [7, 23, 8],
			"shade": false,
			"rotation": {"angle": -45, "axis": "y", "origin": [7, 20.25, 8.44805], "rescale": true},
			"faces": {
				"east": {"uv": [8, 9, 1, 14], "texture": "#2", "cullface": "up"},
				"west": {"uv": [8, 9, 1, 14], "texture": "#2", "cullface": "up"}
			}
		},
		{
			"from": [6, 16, 2],
			"to": [6, 18, 7],
			"shade": false,
			"rotation": {"angle": -45, "axis": "y", "origin": [6, 20.25, 9.44805], "rescale": true},
			"faces": {
				"east": {"uv": [7, 14, 2, 16], "texture": "#2", "cullface": "up"},
				"west": {"uv": [2, 14, 7, 16], "texture": "#2", "cullface": "up"}
			}
		}
	],
	"groups": [
		0,
		{
			"name": "group",
			"origin": [8, 21.25, 2.95401],
			"color": 0,
			"children": [1, 2, 3, 4, 5, 6, 7, 8]
		},
		{
			"name": "group",
			"origin": [8, 21.25, 2.95401],
			"color": 0,
			"children": [9, 10, 11, 12, 13, 14, 15, 16]
		}
	]
}