{
	"format_version": "1.21.6",
	"credit": "Made with Blockbench",
	"ambientocclusion": false,
	"textures": {
		"0": "block/large_cherry_flower",
		"particle": "block/large_cherry_flower"
	},
	"elements": [
		{
			"from": [-8.2, 0, 16],
			"to": [23, 32, 16],
			"shade": false,
			"rotation": {"angle": 45, "axis": "y", "origin": [-1, 8, 16], "rescale": true},
			"faces": {
				"north": {"uv": [0, 0, 16, 16], "texture": "#0", "cullface": "up"},
				"south": {"uv": [0, 0, 16, 16], "texture": "#0", "cullface": "up"}
			}
		},
		{
			"from": [-1, 0, -8.2],
			"to": [-1, 32, 23],
			"shade": false,
			"rotation": {"angle": 45, "axis": "y", "origin": [-1, 8, -1], "rescale": true},
			"faces": {
				"east": {"uv": [0, 0, 16, 16], "texture": "#0", "cullface": "up"},
				"west": {"uv": [0, 0, 16, 16], "texture": "#0", "cullface": "up"}
			}
		}
	]
}