{
	"credit": "Made with Blockbench",
	"ambientocclusion": false,
	"textures": {
		"0": "block/large_fern_leaf",
		"particle": "block/large_fern_leaf"
	},
	"elements": [
		{
			"from": [0.8, 0, 8],
			"to": [15.2, 32, 8],
			"shade": false,
			"rotation": {"angle": 45, "axis": "y", "origin": [8, 8, 8], "rescale": true},
			"faces": {
				"north": {"uv": [0, 0, 8, 16], "texture": "#0", "tintindex": 0},
				"south": {"uv": [0, 0, 8, 16], "texture": "#0", "tintindex": 0}
			}
		},
		{
			"from": [8, 0, 0.8],
			"to": [8, 32, 15.2],
			"shade": false,
			"rotation": {"angle": 45, "axis": "y", "origin": [8, 8, 8], "rescale": true},
			"faces": {
				"east": {"uv": [0, 0, 8, 16], "texture": "#0", "tintindex": 0},
				"west": {"uv": [0, 0, 8, 16], "texture": "#0", "tintindex": 0}
			}
		},
		{
			"from": [2.00008, -0.00008, 0.81776],
			"to": [2.00008, 25.99982, 15.21776],
			"shade": false,
			"rotation": {"angle": 45, "axis": "z", "origin": [2.00008, 7.99992, 8.01776], "rescale": true},
			"faces": {
				"east": {"uv": [0, 0, 8, 16], "texture": "#0", "tintindex": 0},
				"west": {"uv": [0, 0, 8, 16], "texture": "#0", "tintindex": 0}
			}
		},
		{
			"from": [14.00092, 0.00006, 0.81776],
			"to": [14.00092, 26, 15.21776],
			"shade": false,
			"rotation": {"angle": -45, "axis": "z", "origin": [14.00092, 8.00092, 8.01776], "rescale": true},
			"faces": {
				"east": {"uv": [0, 0, 8, 16], "texture": "#0", "tintindex": 0},
				"west": {"uv": [0, 0, 8, 16], "texture": "#0", "tintindex": 0}
			}
		},
		{
			"from": [0.78316, -0.00102, 2.01597],
			"to": [15.18316, 25.99892, 2.01597],
			"shade": false,
			"rotation": {"angle": -45, "axis": "x", "origin": [7.98316, 7.99985, 2.01597], "rescale": true},
			"faces": {
				"north": {"uv": [0, 0, 8, 16], "texture": "#0", "tintindex": 0},
				"south": {"uv": [0, 0, 8, 16], "texture": "#0", "tintindex": 0}
			}
		},
		{
			"from": [0.78316, -0.00002, 14.01855],
			"to": [15.18316, 25.99992, 14.01855],
			"shade": false,
			"rotation": {"angle": 45, "axis": "x", "origin": [7.98316, 8.00085, 14.01855], "rescale": true},
			"faces": {
				"north": {"uv": [0, 0, 8, 16], "texture": "#0", "tintindex": 0},
				"south": {"uv": [0, 0, 8, 16], "texture": "#0", "tintindex": 0}
			}
		}
	]
}