{
	"credit": "Made with Blockbench",
	"ambientocclusion": false,
	"textures": {
		"0": "block/lily_pad_base1",
		"2": "block/lily_pad_flower_glow",
		"3": "block/lily_pad_side",
		"particle": "block/lily_pad_base0"
	},
	"elements": [
		{
			"from": [0, 0.25, 0],
			"to": [16, 0.25, 16],
			"shade": false,
			"faces": {
				"up": {"uv": [16, 0, 0, 16], "texture": "#0"},
				"down": {"uv": [16, 16, 0, 0], "texture": "#0"}
			}
		},
		{
			"from": [9, 0.251, 10],
			"to": [12, 1.251, 10],
			"shade": false,
			"rotation": {"angle": 0, "axis": "y", "origin": [0, 0.251, -3]},
			"faces": {
				"north": {"uv": [0, 0, 3, 1], "texture": "#3"},
				"east": {"uv": [0, 0, 0, 2], "texture": "#missing"},
				"south": {"uv": [0, 0, 3, 1], "texture": "#3"},
				"west": {"uv": [0, 0, 0, 2], "texture": "#missing"},
				"up": {"uv": [0, 0, 0, 5], "rotation": 270, "texture": "#missing"},
				"down": {"uv": [0, 0, 0, 5], "rotation": 90, "texture": "#missing"}
			}
		},
		{
			"from": [9, 0.251, 1],
			"to": [12, 1.251, 1],
			"shade": false,
			"rotation": {"angle": 0, "axis": "y", "origin": [0, 0.251, -3]},
			"faces": {
				"north": {"uv": [2, 0, 5, 1], "texture": "#3"},
				"east": {"uv": [0, 0, 0, 2], "texture": "#missing"},
				"south": {"uv": [2, 0, 5, 1], "texture": "#3"},
				"west": {"uv": [0, 0, 0, 2], "texture": "#missing"},
				"up": {"uv": [0, 0, 0, 5], "rotation": 270, "texture": "#missing"},
				"down": {"uv": [0, 0, 0, 5], "rotation": 90, "texture": "#missing"}
			}
		},
		{
			"from": [12, 0.251, 2],
			"to": [14, 1.251, 2],
			"shade": false,
			"rotation": {"angle": 0, "axis": "y", "origin": [0, 0.251, -3]},
			"faces": {
				"north": {"uv": [3, 0, 5, 1], "texture": "#3"},
				"east": {"uv": [0, 0, 0, 2], "texture": "#missing"},
				"south": {"uv": [3, 0, 5, 1], "texture": "#3"},
				"west": {"uv": [0, 0, 0, 2], "texture": "#missing"},
				"up": {"uv": [0, 0, 0, 5], "rotation": 270, "texture": "#missing"},
				"down": {"uv": [0, 0, 0, 5], "rotation": 90, "texture": "#missing"}
			}
		},
		{
			"from": [7, 0.251, 2],
			"to": [9, 1.251, 2],
			"shade": false,
			"rotation": {"angle": 0, "axis": "y", "origin": [0, 0.251, -3]},
			"faces": {
				"north": {"uv": [4, 4, 6, 5], "texture": "#3"},
				"east": {"uv": [0, 0, 0, 2], "texture": "#missing"},
				"south": {"uv": [4, 4, 6, 5], "texture": "#3"},
				"west": {"uv": [0, 0, 0, 2], "texture": "#missing"},
				"up": {"uv": [0, 0, 0, 5], "rotation": 270, "texture": "#missing"},
				"down": {"uv": [0, 0, 0, 5], "rotation": 90, "texture": "#missing"}
			}
		},
		{
			"from": [7, 0.251, 9],
			"to": [9, 1.251, 9],
			"shade": false,
			"rotation": {"angle": 0, "axis": "y", "origin": [0, 0.251, -3]},
			"faces": {
				"north": {"uv": [4, 4, 6, 5], "texture": "#3"},
				"east": {"uv": [0, 0, 0, 2], "texture": "#missing"},
				"south": {"uv": [4, 4, 6, 5], "texture": "#3"},
				"west": {"uv": [0, 0, 0, 2], "texture": "#missing"},
				"up": {"uv": [0, 0, 0, 5], "rotation": 270, "texture": "#missing"},
				"down": {"uv": [0, 0, 0, 5], "rotation": 90, "texture": "#missing"}
			}
		},
		{
			"from": [12, 0.251, 9],
			"to": [14, 1.251, 9],
			"shade": false,
			"rotation": {"angle": 0, "axis": "y", "origin": [0, 0.251, -3]},
			"faces": {
				"north": {"uv": [4, 4, 6, 5], "texture": "#3"},
				"east": {"uv": [0, 0, 0, 2], "texture": "#missing"},
				"south": {"uv": [4, 4, 6, 5], "texture": "#3"},
				"west": {"uv": [0, 0, 0, 2], "texture": "#missing"},
				"up": {"uv": [0, 0, 0, 5], "rotation": 270, "texture": "#missing"},
				"down": {"uv": [0, 0, 0, 5], "rotation": 90, "texture": "#missing"}
			}
		},
		{
			"from": [14, 0.251, 8],
			"to": [15, 1.251, 8],
			"shade": false,
			"rotation": {"angle": 0, "axis": "y", "origin": [0, 0.251, -3]},
			"faces": {
				"north": {"uv": [4, 5, 5, 6], "texture": "#3"},
				"east": {"uv": [0, 0, 0, 2], "texture": "#missing"},
				"south": {"uv": [4, 5, 5, 6], "texture": "#3"},
				"west": {"uv": [0, 0, 0, 2], "texture": "#missing"},
				"up": {"uv": [0, 0, 0, 5], "rotation": 270, "texture": "#missing"},
				"down": {"uv": [0, 0, 0, 5], "rotation": 90, "texture": "#missing"}
			}
		},
		{
			"from": [14, 0.251, 3],
			"to": [15, 1.251, 3],
			"shade": false,
			"rotation": {"angle": 0, "axis": "y", "origin": [0, 0.251, -3]},
			"faces": {
				"north": {"uv": [4, 4, 5, 5], "texture": "#3"},
				"east": {"uv": [0, 0, 0, 2], "texture": "#missing"},
				"south": {"uv": [4, 4, 5, 5], "texture": "#3"},
				"west": {"uv": [0, 0, 0, 2], "texture": "#missing"},
				"up": {"uv": [0, 0, 0, 5], "rotation": 270, "texture": "#missing"},
				"down": {"uv": [0, 0, 0, 5], "rotation": 90, "texture": "#missing"}
			}
		},
		{
			"from": [6, 0.251, 3],
			"to": [7, 1.251, 3],
			"shade": false,
			"rotation": {"angle": 0, "axis": "y", "origin": [0, 0.251, -3]},
			"faces": {
				"north": {"uv": [4, 4, 5, 5], "texture": "#3"},
				"east": {"uv": [0, 0, 0, 2], "texture": "#missing"},
				"south": {"uv": [4, 4, 5, 5], "texture": "#3"},
				"west": {"uv": [0, 0, 0, 2], "texture": "#missing"},
				"up": {"uv": [0, 0, 0, 5], "rotation": 270, "texture": "#missing"},
				"down": {"uv": [0, 0, 0, 5], "rotation": 90, "texture": "#missing"}
			}
		},
		{
			"from": [6, 0.251, 8],
			"to": [7, 1.251, 8],
			"shade": false,
			"rotation": {"angle": 0, "axis": "y", "origin": [0, 0.251, -3]},
			"faces": {
				"north": {"uv": [4, 4, 5, 5], "texture": "#3"},
				"east": {"uv": [0, 0, 0, 2], "texture": "#missing"},
				"south": {"uv": [4, 4, 5, 5], "texture": "#3"},
				"west": {"uv": [0, 0, 0, 2], "texture": "#missing"},
				"up": {"uv": [0, 0, 0, 5], "rotation": 270, "texture": "#missing"},
				"down": {"uv": [0, 0, 0, 5], "rotation": 90, "texture": "#missing"}
			}
		},
		{
			"from": [15, 0.251, 3],
			"to": [15, 1.251, 8],
			"shade": false,
			"rotation": {"angle": 0, "axis": "y", "origin": [0, 0.251, -3]},
			"faces": {
				"north": {"uv": [0, 0, 0, 2], "texture": "#missing"},
				"east": {"uv": [1, 4, 6, 5], "texture": "#3"},
				"south": {"uv": [0, 0, 0, 2], "texture": "#missing"},
				"west": {"uv": [1, 4, 6, 5], "texture": "#3"},
				"up": {"uv": [0, 0, 0, 5], "texture": "#missing"},
				"down": {"uv": [0, 0, 0, 5], "texture": "#missing"}
			}
		},
		{
			"from": [6, 0.251, 3],
			"to": [6, 1.251, 8],
			"shade": false,
			"rotation": {"angle": 0, "axis": "y", "origin": [0, 0.251, -3]},
			"faces": {
				"north": {"uv": [0, 0, 0, 2], "texture": "#missing"},
				"east": {"uv": [0, 0, 5, 1], "texture": "#3"},
				"south": {"uv": [0, 0, 0, 2], "texture": "#missing"},
				"west": {"uv": [0, 0, 5, 1], "texture": "#3"},
				"up": {"uv": [0, 0, 0, 5], "texture": "#missing"},
				"down": {"uv": [0, 0, 0, 5], "texture": "#missing"}
			}
		},
		{
			"from": [7, 0.251, 8],
			"to": [7, 1.251, 9],
			"shade": false,
			"rotation": {"angle": 0, "axis": "y", "origin": [0, 0.251, -3]},
			"faces": {
				"north": {"uv": [0, 0, 0, 2], "texture": "#missing"},
				"east": {"uv": [5, 5, 6, 6], "texture": "#3"},
				"south": {"uv": [0, 0, 0, 2], "texture": "#missing"},
				"west": {"uv": [5, 5, 6, 6], "texture": "#3"},
				"up": {"uv": [0, 0, 0, 1], "texture": "#missing"},
				"down": {"uv": [0, 0, 0, 1], "texture": "#missing"}
			}
		},
		{
			"from": [7, 0.251, 2],
			"to": [7, 1.251, 3],
			"shade": false,
			"rotation": {"angle": 0, "axis": "y", "origin": [0, 0.251, -3]},
			"faces": {
				"north": {"uv": [0, 0, 0, 2], "texture": "#missing"},
				"east": {"uv": [4, 1, 5, 2], "texture": "#3"},
				"south": {"uv": [0, 0, 0, 2], "texture": "#missing"},
				"west": {"uv": [4, 1, 5, 2], "texture": "#3"},
				"up": {"uv": [0, 0, 0, 1], "texture": "#missing"},
				"down": {"uv": [0, 0, 0, 1], "texture": "#missing"}
			}
		},
		{
			"from": [9, 0.251, 1],
			"to": [9, 1.251, 2],
			"shade": false,
			"rotation": {"angle": 0, "axis": "y", "origin": [0, 0.251, -3]},
			"faces": {
				"north": {"uv": [0, 0, 0, 2], "texture": "#missing"},
				"east": {"uv": [4, 4, 5, 5], "texture": "#3"},
				"south": {"uv": [0, 0, 0, 2], "texture": "#missing"},
				"west": {"uv": [4, 4, 5, 5], "texture": "#3"},
				"up": {"uv": [0, 0, 0, 1], "texture": "#missing"},
				"down": {"uv": [0, 0, 0, 1], "texture": "#missing"}
			}
		},
		{
			"from": [9, 0.251, 9],
			"to": [9, 1.251, 10],
			"shade": false,
			"rotation": {"angle": 0, "axis": "y", "origin": [0, 0.251, -3]},
			"faces": {
				"north": {"uv": [0, 0, 0, 2], "texture": "#missing"},
				"east": {"uv": [2, 5, 3, 6], "texture": "#3"},
				"south": {"uv": [0, 0, 0, 2], "texture": "#missing"},
				"west": {"uv": [2, 5, 3, 6], "texture": "#3"},
				"up": {"uv": [0, 0, 0, 1], "texture": "#missing"},
				"down": {"uv": [0, 0, 0, 1], "texture": "#missing"}
			}
		},
		{
			"from": [12, 0.251, 9],
			"to": [12, 1.251, 10],
			"shade": false,
			"rotation": {"angle": 0, "axis": "y", "origin": [0, 0.251, -3]},
			"faces": {
				"north": {"uv": [0, 0, 0, 2], "texture": "#missing"},
				"east": {"uv": [4, 4, 5, 5], "texture": "#3"},
				"south": {"uv": [0, 0, 0, 2], "texture": "#missing"},
				"west": {"uv": [4, 4, 5, 5], "texture": "#3"},
				"up": {"uv": [0, 0, 0, 1], "texture": "#missing"},
				"down": {"uv": [0, 0, 0, 1], "texture": "#missing"}
			}
		},
		{
			"from": [14, 0.251, 8],
			"to": [14, 1.251, 9],
			"shade": false,
			"rotation": {"angle": 0, "axis": "y", "origin": [0, 0.251, -3]},
			"faces": {
				"north": {"uv": [0, 0, 0, 2], "texture": "#missing"},
				"east": {"uv": [4, 4, 5, 5], "texture": "#3"},
				"south": {"uv": [0, 0, 0, 2], "texture": "#missing"},
				"west": {"uv": [4, 4, 5, 5], "texture": "#3"},
				"up": {"uv": [0, 0, 0, 1], "texture": "#missing"},
				"down": {"uv": [0, 0, 0, 1], "texture": "#missing"}
			}
		},
		{
			"from": [14, 0.251, 2],
			"to": [14, 1.251, 3],
			"shade": false,
			"rotation": {"angle": 0, "axis": "y", "origin": [0, 0.251, -3]},
			"faces": {
				"north": {"uv": [0, 0, 0, 2], "texture": "#missing"},
				"east": {"uv": [4, 4, 5, 5], "texture": "#3"},
				"south": {"uv": [0, 0, 0, 2], "texture": "#missing"},
				"west": {"uv": [4, 4, 5, 5], "texture": "#3"},
				"up": {"uv": [0, 0, 0, 1], "texture": "#missing"},
				"down": {"uv": [0, 0, 0, 1], "texture": "#missing"}
			}
		},
		{
			"from": [12, 0.251, 1],
			"to": [12, 1.251, 2],
			"shade": false,
			"rotation": {"angle": 0, "axis": "y", "origin": [0, 0.251, -3]},
			"faces": {
				"north": {"uv": [0, 0, 0, 2], "texture": "#missing"},
				"east": {"uv": [4, 5, 5, 6], "texture": "#3"},
				"south": {"uv": [0, 0, 0, 2], "texture": "#missing"},
				"west": {"uv": [4, 5, 5, 6], "texture": "#3"},
				"up": {"uv": [0, 0, 0, 1], "texture": "#missing"},
				"down": {"uv": [0, 0, 0, 1], "texture": "#missing"}
			}
		},
		{
			"from": [16.21071, -13.53929, 3],
			"to": [16.21071, -8.53929, 8],
			"shade": false,
			"rotation": {"angle": 45, "axis": "z", "origin": [-3.28929, -13.53929, 13]},
			"faces": {
				"north": {"uv": [0, 0, 0, 6], "texture": "#missing"},
				"east": {"uv": [8, 5, 13, 10], "texture": "#2"},
				"south": {"uv": [0, 0, 0, 6], "texture": "#missing"},
				"west": {"uv": [8, 5, 13, 10], "texture": "#2"},
				"up": {"uv": [0, 0, 0, 6], "texture": "#missing"},
				"down": {"uv": [0, 0, 0, 6], "texture": "#missing"}
			}
		},
		{
			"from": [16.21142, 14.03858, 3],
			"to": [16.21142, 19.03858, 8],
			"shade": false,
			"rotation": {"angle": -45, "axis": "z", "origin": [-3.28858, 14.03858, 13]},
			"faces": {
				"north": {"uv": [0, 0, 0, 6], "texture": "#missing"},
				"east": {"uv": [8, 5, 13, 10], "texture": "#2"},
				"south": {"uv": [0, 0, 0, 6], "texture": "#missing"},
				"west": {"uv": [8, 5, 13, 10], "texture": "#2"},
				"up": {"uv": [0, 0, 0, 6], "texture": "#missing"},
				"down": {"uv": [0, 0, 0, 6], "texture": "#missing"}
			}
		},
		{
			"from": [8, 5.55259, 3.30359],
			"to": [13, 10.55259, 3.30359],
			"shade": false,
			"rotation": {"angle": -45, "axis": "x", "origin": [-9, 5.55259, 10.80359]},
			"faces": {
				"north": {"uv": [8, 5, 13, 10], "texture": "#2"},
				"east": {"uv": [0, 0, 0, 6], "texture": "#missing"},
				"south": {"uv": [8, 5, 13, 10], "texture": "#2"},
				"west": {"uv": [0, 0, 0, 6], "texture": "#missing"},
				"up": {"uv": [0, 0, 0, 6], "rotation": 90, "texture": "#missing"},
				"down": {"uv": [0, 0, 0, 6], "rotation": 270, "texture": "#missing"}
			}
		},
		{
			"from": [8, -5.0533, 3.3033],
			"to": [13, -0.0533, 3.3033],
			"shade": false,
			"rotation": {"angle": 45, "axis": "x", "origin": [-9, -5.0533, 10.8033]},
			"faces": {
				"north": {"uv": [8, 5, 13, 10], "texture": "#2"},
				"east": {"uv": [0, 0, 0, 6], "texture": "#missing"},
				"south": {"uv": [8, 5, 13, 10], "texture": "#2"},
				"west": {"uv": [0, 0, 0, 6], "texture": "#missing"},
				"up": {"uv": [0, 0, 0, 6], "rotation": 90, "texture": "#missing"},
				"down": {"uv": [0, 0, 0, 6], "rotation": 270, "texture": "#missing"}
			}
		}
	]
}