{
	"format_version": "1.21.6",
	"credit": "Made with Blockbench",
	"ambientocclusion": false,
	"textures": {
		"0": "block/tulips",
		"particle": "block/orange_tulip"
	},
	"elements": [
		{
			"from": [0.8, 0, 3],
			"to": [5.2, 8, 3],
			"shade": false,
			"rotation": {"angle": 45, "axis": "y", "origin": [8, 8, 3], "rescale": true},
			"faces": {
				"north": {"uv": [0, 8, 5, 16], "texture": "#0"},
				"south": {"uv": [0, 8, 5, 16], "texture": "#0"}
			}
		},
		{
			"from": [8, 0, 5.8],
			"to": [8, 8, 10.2],
			"shade": false,
			"rotation": {"angle": 45, "axis": "y", "origin": [8, 8, 13], "rescale": true},
			"faces": {
				"east": {"uv": [0, 8, 5, 16], "texture": "#0"},
				"west": {"uv": [0, 8, 5, 16], "texture": "#0"}
			}
		},
		{
			"from": [1.2, 8.001, 9.7],
			"to": [4.6, 12.001, 9.7],
			"shade": false,
			"rotation": {"angle": 0, "axis": "y", "origin": [1.2, 8.001, 9.7]},
			"faces": {
				"north": {"uv": [0, 0, 3, 4], "texture": "#0"},
				"east": {"uv": [0, 0, 2, 2], "texture": "#missing"},
				"south": {"uv": [0, 0, 3, 4], "texture": "#0"},
				"west": {"uv": [0, 0, 2, 2], "texture": "#missing"},
				"up": {"uv": [0, 0, 2, 2], "texture": "#missing"},
				"down": {"uv": [0, 0, 2, 2], "texture": "#missing"}
			}
		},
		{
			"from": [1.2, 8, 6.3],
			"to": [4.6, 8, 9.7],
			"shade": false,
			"rotation": {"angle": 0, "axis": "y", "origin": [1, 8, 7]},
			"faces": {
				"north": {"uv": [0, 0, 2, 2], "texture": "#missing"},
				"east": {"uv": [0, 0, 2, 2], "texture": "#missing"},
				"south": {"uv": [0, 0, 2, 2], "texture": "#missing"},
				"west": {"uv": [0, 0, 2, 2], "texture": "#missing"},
				"up": {"uv": [0, 5, 3, 8], "texture": "#0"},
				"down": {"uv": [0, 5, 3, 8], "texture": "#0"}
			}
		},
		{
			"from": [1.2, 8.001, 6.3],
			"to": [4.6, 12.001, 6.3],
			"shade": false,
			"rotation": {"angle": 0, "axis": "y", "origin": [1.2, 8.001, 6.3]},
			"faces": {
				"north": {"uv": [0, 0, 3, 4], "texture": "#0"},
				"east": {"uv": [0, 0, 2, 2], "texture": "#missing"},
				"south": {"uv": [0, 0, 3, 4], "texture": "#0"},
				"west": {"uv": [0, 0, 2, 2], "texture": "#missing"},
				"up": {"uv": [0, 0, 2, 2], "texture": "#missing"},
				"down": {"uv": [0, 0, 2, 2], "texture": "#missing"}
			}
		},
		{
			"from": [1.2, 8.001, 6.3],
			"to": [1.2, 12.001, 9.7],
			"shade": false,
			"rotation": {"angle": 0, "axis": "y", "origin": [1.2, 8.001, 9.7]},
			"faces": {
				"north": {"uv": [0, 0, 2, 2], "texture": "#missing"},
				"east": {"uv": [0, 0, 3, 4], "texture": "#0"},
				"south": {"uv": [0, 0, 2, 2], "texture": "#missing"},
				"west": {"uv": [0, 0, 3, 4], "texture": "#0"},
				"up": {"uv": [0, 0, 2, 2], "rotation": 270, "texture": "#missing"},
				"down": {"uv": [0, 0, 2, 2], "rotation": 90, "texture": "#missing"}
			}
		},
		{
			"from": [4.6, 8.001, 6.3],
			"to": [4.6, 12.001, 9.7],
			"shade": false,
			"rotation": {"angle": 0, "axis": "y", "origin": [3, 8.001, 9.7]},
			"faces": {
				"north": {"uv": [0, 0, 2, 2], "texture": "#missing"},
				"east": {"uv": [0, 0, 3, 4], "texture": "#0"},
				"south": {"uv": [0, 0, 2, 2], "texture": "#missing"},
				"west": {"uv": [0, 0, 3, 4], "texture": "#0"},
				"up": {"uv": [0, 0, 2, 2], "rotation": 270, "texture": "#missing"},
				"down": {"uv": [0, 0, 2, 2], "rotation": 90, "texture": "#missing"}
			}
		},
		{
			"from": [5.8, 0, -2],
			"to": [10.2, 8, -2],
			"shade": false,
			"rotation": {"angle": 45, "axis": "y", "origin": [13, 8, -2], "rescale": true},
			"faces": {
				"north": {"uv": [0, 8, 5, 16], "texture": "#0"},
				"south": {"uv": [0, 8, 5, 16], "texture": "#0"}
			}
		},
		{
			"from": [13, 0, 0.8],
			"to": [13, 8, 5.2],
			"shade": false,
			"rotation": {"angle": 45, "axis": "y", "origin": [13, 8, 8], "rescale": true},
			"faces": {
				"east": {"uv": [0, 8, 5, 16], "texture": "#0"},
				"west": {"uv": [0, 8, 5, 16], "texture": "#0"}
			}
		},
		{
			"from": [6.2, 8.001, 4.7],
			"to": [9.6, 12.001, 4.7],
			"shade": false,
			"rotation": {"angle": 0, "axis": "y", "origin": [6.2, 8.001, 4.7]},
			"faces": {
				"north": {"uv": [0, 0, 3, 4], "texture": "#0"},
				"east": {"uv": [0, 0, 2, 2], "texture": "#missing"},
				"south": {"uv": [0, 0, 3, 4], "texture": "#0"},
				"west": {"uv": [0, 0, 2, 2], "texture": "#missing"},
				"up": {"uv": [0, 0, 2, 2], "texture": "#missing"},
				"down": {"uv": [0, 0, 2, 2], "texture": "#missing"}
			}
		},
		{
			"from": [6.2, 8, 1.3],
			"to": [9.6, 8, 4.7],
			"shade": false,
			"rotation": {"angle": 0, "axis": "y", "origin": [6, 8, 2]},
			"faces": {
				"north": {"uv": [0, 0, 2, 2], "texture": "#missing"},
				"east": {"uv": [0, 0, 2, 2], "texture": "#missing"},
				"south": {"uv": [0, 0, 2, 2], "texture": "#missing"},
				"west": {"uv": [0, 0, 2, 2], "texture": "#missing"},
				"up": {"uv": [0, 5, 3, 8], "texture": "#0"},
				"down": {"uv": [0, 5, 3, 8], "texture": "#0"}
			}
		},
		{
			"from": [6.2, 8.001, 1.3],
			"to": [9.6, 12.001, 1.3],
			"shade": false,
			"rotation": {"angle": 0, "axis": "y", "origin": [6.2, 8.001, 1.3]},
			"faces": {
				"north": {"uv": [0, 0, 3, 4], "texture": "#0"},
				"east": {"uv": [0, 0, 2, 2], "texture": "#missing"},
				"south": {"uv": [0, 0, 3, 4], "texture": "#0"},
				"west": {"uv": [0, 0, 2, 2], "texture": "#missing"},
				"up": {"uv": [0, 0, 2, 2], "texture": "#missing"},
				"down": {"uv": [0, 0, 2, 2], "texture": "#missing"}
			}
		},
		{
			"from": [6.2, 8.001, 1.3],
			"to": [6.2, 12.001, 4.7],
			"shade": false,
			"rotation": {"angle": 0, "axis": "y", "origin": [6.2, 8.001, 4.7]},
			"faces": {
				"north": {"uv": [0, 0, 2, 2], "texture": "#missing"},
				"east": {"uv": [0, 0, 3, 4], "texture": "#0"},
				"south": {"uv": [0, 0, 2, 2], "texture": "#missing"},
				"west": {"uv": [0, 0, 3, 4], "texture": "#0"},
				"up": {"uv": [0, 0, 2, 2], "rotation": 270, "texture": "#missing"},
				"down": {"uv": [0, 0, 2, 2], "rotation": 90, "texture": "#missing"}
			}
		},
		{
			"from": [9.6, 8.001, 1.3],
			"to": [9.6, 12.001, 4.7],
			"shade": false,
			"rotation": {"angle": 0, "axis": "y", "origin": [8, 8.001, 4.7]},
			"faces": {
				"north": {"uv": [0, 0, 2, 2], "texture": "#missing"},
				"east": {"uv": [0, 0, 3, 4], "texture": "#0"},
				"south": {"uv": [0, 0, 2, 2], "texture": "#missing"},
				"west": {"uv": [0, 0, 3, 4], "texture": "#0"},
				"up": {"uv": [0, 0, 2, 2], "rotation": 270, "texture": "#missing"},
				"down": {"uv": [0, 0, 2, 2], "rotation": 90, "texture": "#missing"}
			}
		},
		{
			"from": [8.8, 0, 6],
			"to": [13.2, 8, 6],
			"shade": false,
			"rotation": {"angle": 45, "axis": "y", "origin": [16, 8, 6], "rescale": true},
			"faces": {
				"north": {"uv": [0, 8, 5, 16], "texture": "#0"},
				"south": {"uv": [0, 8, 5, 16], "texture": "#0"}
			}
		},
		{
			"from": [16, 0, 8.8],
			"to": [16, 8, 13.2],
			"shade": false,
			"rotation": {"angle": 45, "axis": "y", "origin": [16, 8, 16], "rescale": true},
			"faces": {
				"east": {"uv": [0, 8, 5, 16], "texture": "#0"},
				"west": {"uv": [0, 8, 5, 16], "texture": "#0"}
			}
		},
		{
			"from": [9.2, 8.001, 12.7],
			"to": [12.6, 12.001, 12.7],
			"shade": false,
			"rotation": {"angle": 0, "axis": "y", "origin": [9.2, 8.001, 12.7]},
			"faces": {
				"north": {"uv": [0, 0, 3, 4], "texture": "#0"},
				"east": {"uv": [0, 0, 2, 2], "texture": "#missing"},
				"south": {"uv": [0, 0, 3, 4], "texture": "#0"},
				"west": {"uv": [0, 0, 2, 2], "texture": "#missing"},
				"up": {"uv": [0, 0, 2, 2], "texture": "#missing"},
				"down": {"uv": [0, 0, 2, 2], "texture": "#missing"}
			}
		},
		{
			"from": [9.2, 8, 9.3],
			"to": [12.6, 8, 12.7],
			"shade": false,
			"rotation": {"angle": 0, "axis": "y", "origin": [9, 8, 10]},
			"faces": {
				"north": {"uv": [0, 0, 2, 2], "texture": "#missing"},
				"east": {"uv": [0, 0, 2, 2], "texture": "#missing"},
				"south": {"uv": [0, 0, 2, 2], "texture": "#missing"},
				"west": {"uv": [0, 0, 2, 2], "texture": "#missing"},
				"up": {"uv": [0, 5, 3, 8], "texture": "#0"},
				"down": {"uv": [0, 5, 3, 8], "texture": "#0"}
			}
		},
		{
			"from": [9.2, 8.001, 9.3],
			"to": [12.6, 12.001, 9.3],
			"shade": false,
			"rotation": {"angle": 0, "axis": "y", "origin": [9.2, 8.001, 9.3]},
			"faces": {
				"north": {"uv": [0, 0, 3, 4], "texture": "#0"},
				"east": {"uv": [0, 0, 2, 2], "texture": "#missing"},
				"south": {"uv": [0, 0, 3, 4], "texture": "#0"},
				"west": {"uv": [0, 0, 2, 2], "texture": "#missing"},
				"up": {"uv": [0, 0, 2, 2], "texture": "#missing"},
				"down": {"uv": [0, 0, 2, 2], "texture": "#missing"}
			}
		},
		{
			"from": [9.2, 8.001, 9.3],
			"to": [9.2, 12.001, 12.7],
			"shade": false,
			"rotation": {"angle": 0, "axis": "y", "origin": [9.2, 8.001, 12.7]},
			"faces": {
				"north": {"uv": [0, 0, 2, 2], "texture": "#missing"},
				"east": {"uv": [0, 0, 3, 4], "texture": "#0"},
				"south": {"uv": [0, 0, 2, 2], "texture": "#missing"},
				"west": {"uv": [0, 0, 3, 4], "texture": "#0"},
				"up": {"uv": [0, 0, 2, 2], "rotation": 270, "texture": "#missing"},
				"down": {"uv": [0, 0, 2, 2], "rotation": 90, "texture": "#missing"}
			}
		},
		{
			"from": [12.6, 8.001, 9.3],
			"to": [12.6, 12.001, 12.7],
			"shade": false,
			"rotation": {"angle": 0, "axis": "y", "origin": [11, 8.001, 12.7]},
			"faces": {
				"north": {"uv": [0, 0, 2, 2], "texture": "#missing"},
				"east": {"uv": [0, 0, 3, 4], "texture": "#0"},
				"south": {"uv": [0, 0, 2, 2], "texture": "#missing"},
				"west": {"uv": [0, 0, 3, 4], "texture": "#0"},
				"up": {"uv": [0, 0, 2, 2], "rotation": 270, "texture": "#missing"},
				"down": {"uv": [0, 0, 2, 2], "rotation": 90, "texture": "#missing"}
			}
		}
	],
	"groups": [
		{
			"name": "group",
			"origin": [8, 8.001, 9.7],
			"color": 0,
			"shade": false,
			"children": [0, 1, 2, 3, 4, 5, 6]
		},
		{
			"name": "group",
			"origin": [8, 8.001, 9.7],
			"color": 0,
			"shade": false,
			"children": [7, 8, 9, 10, 11, 12, 13]
		},
		{
			"name": "group",
			"origin": [8, 8.001, 9.7],
			"color": 0,
			"shade": false,
			"children": [14, 15, 16, 17, 18, 19, 20]
		}
	]
}