{
	"format_version": "1.21.6",
	"credit": "Made with Blockbench",
	"textures": {
		"0": "block/packed_ice",
		"particle": "block/packed_ice"
	},
	"elements": [
		{
			"from": [0, 0, 0],
			"to": [16, 16, 16],
			"faces": {
				"north": {"uv": [0, 0, 16, 16], "texture": "#0"},
				"east": {"uv": [0, 0, 16, 16], "texture": "#0"},
				"south": {"uv": [0, 0, 16, 16], "texture": "#0"},
				"west": {"uv": [0, 0, 16, 16], "texture": "#0"},
				"up": {"uv": [0, 0, 16, 16], "texture": "#0"},
				"down": {"uv": [0, 0, 16, 16], "texture": "#0"}
			}
		},
		{
			"from": [4, 16, 5],
			"to": [11, 22, 12],
			"rotation": {"angle": 0, "axis": "y", "origin": [4, 16, 5]},
			"faces": {
				"north": {"uv": [0, 9, 7, 16], "texture": "#0", "cullface": "up"},
				"east": {"uv": [0, 0, 7, 7], "texture": "#0", "cullface": "up"},
				"south": {"uv": [9, 9, 16, 16], "texture": "#0", "cullface": "up"},
				"west": {"uv": [9, 0, 16, 7], "texture": "#0", "cullface": "up"},
				"up": {"uv": [3, 3, 10, 10], "texture": "#0", "cullface": "up"},
				"down": {"uv": [0, 0, 6, 6], "texture": "#missing", "cullface": "up"}
			}
		}
	]
}