{
	"credit": "Made with Blockbench",
	"textures": {
		"0": "block/mud_base",
		"1": "block/small_pumpkin_side",
		"2": "block/small_pumpkin_top",
		"particle": "block/small_pumpkin_side"
	},
	"elements": [
		{
			"from": [0, 0, 0],
			"to": [16, 0.3, 16],
			"faces": {
				"north": {"uv": [0, 0, 16, 0.3], "texture": "#0"},
				"east": {"uv": [0, 0, 16, 0.3], "texture": "#0"},
				"south": {"uv": [0, 0, 16, 0.3], "texture": "#0"},
				"west": {"uv": [0, 0, 16, 0.3], "texture": "#0"},
				"up": {"uv": [0, 0, 16, 16], "texture": "#0"},
				"down": {"uv": [0, 0, 16, 16], "texture": "#0"}
			}
		},
		{
			"from": [3, 0.3, 3],
			"to": [13, 10.3, 13],
			"rotation": {"angle": 0, "axis": "y", "origin": [3, 0, 3]},
			"faces": {
				"north": {"uv": [0, 0, 16, 16], "texture": "#1"},
				"east": {"uv": [0, 0, 16, 16], "texture": "#1"},
				"south": {"uv": [0, 0, 16, 16], "texture": "#1"},
				"west": {"uv": [0, 0, 16, 16], "texture": "#1"},
				"up": {"uv": [0, 0, 16, 16], "texture": "#2"},
				"down": {"uv": [0, 0, 16, 16], "texture": "#2"}
			}
		}
	]
}