{
	"credit": "Made with Blockbench",
	"ambientocclusion": false,
	"textures": {
		"0": "block/soul_sand",
		"1": "block/skeleton_head",
		"particle": "block/soul_sand"
	},
	"elements": [
		{
			"from": [0, 0, 0],
			"to": [16, 16, 16],
			"faces": {
				"north": {"uv": [0, 0, 16, 16], "texture": "#0", "cullface": "north"},
				"east": {"uv": [0, 0, 16, 16], "texture": "#0", "cullface": "east"},
				"south": {"uv": [0, 0, 16, 16], "texture": "#0", "cullface": "south"},
				"west": {"uv": [0, 0, 16, 16], "texture": "#0", "cullface": "west"},
				"up": {"uv": [0, 0, 16, 16], "texture": "#0", "cullface": "up"},
				"down": {"uv": [0, 0, 16, 16], "texture": "#0", "cullface": "down"}
			}
		},
		{
			"from": [5, 15, 4],
			"to": [11, 21, 10],
			"rotation": {"angle": -22.5, "axis": "y", "origin": [5, 15, 10]},
			"faces": {
				"north": {"uv": [12, 4, 16, 8], "texture": "#1", "cullface": "up"},
				"east": {"uv": [8, 4, 12, 8], "texture": "#1", "cullface": "up"},
				"south": {"uv": [4, 4, 8, 8], "texture": "#1", "cullface": "up"},
				"west": {"uv": [0, 4, 4, 8], "texture": "#1", "cullface": "up"},
				"up": {"uv": [4, 0, 8, 4], "rotation": 270, "texture": "#1", "cullface": "up"},
				"down": {"uv": [4, 0, 8, 4], "rotation": 90, "texture": "#1", "cullface": "up"}
			}
		}
	]
}