{
	"credit": "Made with Blockbench",
	"ambientocclusion": false,
	"textures": {
		"0": "block/wildflowers_red",
		"1": "block/wildflowers_stem_extra",
		"particle": "block/wildflowers_red"
	},
	"elements": [
		{
			"from": [7.5, 7, -0.5],
			"to": [15.5, 7, 7.5],
			"rotation": {"angle": 0, "axis": "y", "origin": [0, 5, 0]},
			"faces": {
				"up": {"uv": [8, 0, 16, 8], "texture": "#0"},
				"down": {"uv": [8, 8, 16, 0], "texture": "#0"}
			}
		},
		{
			"from": [12.4, 0, -7.7],
			"to": [12.4, 7, -6.7],
			"rotation": {"angle": -45, "axis": "y", "origin": [-1, 0, -3]},
			"faces": {
				"east": {"uv": [2, 0, 3, 7], "texture": "#1", "tintindex": 1},
				"west": {"uv": [2, 0, 3, 7], "texture": "#1", "tintindex": 1}
			}
		},
		{
			"from": [11.9, 0, -7.2],
			"to": [12.9, 7, -7.2],
			"rotation": {"angle": -45, "axis": "y", "origin": [-1, 0, -3]},
			"faces": {
				"north": {"uv": [2, 0, 3, 7], "texture": "#1", "tintindex": 1},
				"south": {"uv": [2, 0, 3, 7], "texture": "#1", "tintindex": 1}
			}
		}
	]
}