{
	"credit": "Made with Blockbench",
	"parent": "block/block",
	"textures": {
		"0": "block/item_display/oak_leaves",
		"1": "block/item_display/oak_leaves_bushy",
		"particle": "block/item_display/oak_leaves"
	},
	"elements": [
		{
			"from": [0, 0, 0],
			"to": [16, 16, 16],
			"faces": {
				"north": {"uv": [0, 0, 16, 16], "texture": "#0", "cullface": "north", "tintindex": 0},
				"east": {"uv": [0, 0, 16, 16], "texture": "#0", "cullface": "east", "tintindex": 0},
				"south": {"uv": [0, 0, 16, 16], "texture": "#0", "cullface": "south", "tintindex": 0},
				"west": {"uv": [0, 0, 16, 16], "texture": "#0", "cullface": "west", "tintindex": 0},
				"up": {"uv": [0, 0, 16, 16], "texture": "#0", "cullface": "up", "tintindex": 0},
				"down": {"uv": [16, 16, 0, 0], "texture": "#0", "cullface": "down", "tintindex": 0}
			}
		},
		{
			"from": [14, -8, -7],
			"to": [14, 24, 25],
			"shade": false,
			"rotation": {"angle": -22.5, "axis": "y", "origin": [14.125, -8, -6.8125]},
			"faces": {
				"east": {"uv": [0, 0, 16, 16], "texture": "#1", "tintindex": 0},
				"west": {"uv": [0, 0, 16, 16], "texture": "#1", "tintindex": 0}
			}
		},
		{
			"from": [-7, -8, 2],
			"to": [25, 24, 2],
			"shade": false,
			"rotation": {"angle": -22.5, "axis": "y", "origin": [-6.8125, -8, 1.875]},
			"faces": {
				"north": {"uv": [0, 0, 16, 16], "texture": "#1", "tintindex": 0},
				"south": {"uv": [0, 0, 16, 16], "texture": "#1", "tintindex": 0}
			}
		}
	],
	"display": {
		"thirdperson_righthand": {
			"scale": [0.3, 0.3, 0.3]
		},
		"thirdperson_lefthand": {
			"scale": [0.3, 0.3, 0.3]
		},
		"firstperson_righthand": {
			"rotation": [0, -41, 0],
			"translation": [1, 0.25, 0],
			"scale": [0.53, 0.32, 0.44]
		},
		"firstperson_lefthand": {
			"rotation": [0, -41, 0],
			"translation": [1, 0.25, 0],
			"scale": [0.53, 0.32, 0.44]
		},
		"ground": {
			"translation": [0, 0.25, 0],
			"scale": [0.25, 0.25, 0.25]
		},
		"gui": {
			"rotation": [30, -45, 0],
			"scale": [0.65, 0.65, 0.65]
		},
		"fixed": {
			"scale": [0.6, 0.6, 0.6]
		}
	}
}