{
	"credit": "Made with Blockbench",
	"ambientocclusion": false,
	"textures": {
		"0": "block/soul_sand",
		"1": "block/skeleton_head",
		"particle": "block/soul_sand"
	},
	"elements": [
		{
			"from": [0, 0, 0],
			"to": [16, 16, 16],
			"faces": {
				"north": {"uv": [0, 0, 16, 16], "texture": "#0", "cullface": "north"},
				"east": {"uv": [0, 0, 16, 16], "texture": "#0", "cullface": "east"},
				"south": {"uv": [0, 0, 16, 16], "texture": "#0", "cullface": "south"},
				"west": {"uv": [0, 0, 16, 16], "texture": "#0", "cullface": "west"},
				"up": {"uv": [0, 0, 16, 16], "texture": "#0", "cullface": "up"},
				"down": {"uv": [0, 0, 16, 16], "texture": "#0", "cullface": "down"}
			}
		},
		{
			"from": [4, 16, 3],
			"to": [12, 24, 11],
			"rotation": {"angle": 0, "axis": "y", "origin": [4, 16, 3]},
			"faces": {
				"north": {"uv": [0, 4, 4, 8], "texture": "#1", "cullface": "up"},
				"east": {"uv": [12, 4, 16, 8], "texture": "#1", "cullface": "up"},
				"south": {"uv": [8, 4, 12, 8], "texture": "#1", "cullface": "up"},
				"west": {"uv": [4, 4, 8, 8], "texture": "#1", "cullface": "up"},
				"up": {"uv": [4, 0, 8, 4], "texture": "#1", "cullface": "up"},
				"down": {"uv": [4, 0, 8, 4], "texture": "#1", "cullface": "up"}
			}
		}
	],
	"display": {
		"thirdperson_righthand": {
			"scale": [0.3, 0.3, 0.3]
		},
		"thirdperson_lefthand": {
			"scale": [0.3, 0.3, 0.3]
		},
		"firstperson_righthand": {
			"rotation": [0, 26, 0],
			"translation": [1.75, 0.25, 0],
			"scale": [0.53, 0.42, 0.26]
		},
		"firstperson_lefthand": {
			"rotation": [0, -152, 0],
			"translation": [2.25, -0.25, 0],
			"scale": [0.53, 0.42, 0.26]
		},
		"ground": {
			"translation": [0, 0.25, 0],
			"scale": [0.25, 0.25, 0.25]
		},
		"gui": {
			"rotation": [30, 52, 0],
			"translation": [0, -1, 0],
			"scale": [0.65, 0.65, 0.65]
		},
		"head": {
			"rotation": [0, -90, 0]
		},
		"fixed": {
			"rotation": [0, -90, 0],
			"scale": [0.6, 0.6, 0.6]
		}
	}
}