{
	"credit": "Made with Blockbench",
	"ambientocclusion": false,
	"textures": {
		"0": "block/item_display/vine_extra",
		"1": "block/item_display/vine",
		"particle": "block/item_display/vine"
	},
	"elements": [
		{
			"from": [0, 0, 0.8],
			"to": [16, 16, 0.8],
			"shade": false,
			"faces": {
				"north": {"uv": [16, 0, 0, 16], "texture": "#1"},
				"south": {"uv": [0, 0, 16, 16], "texture": "#1"}
			}
		},
		{
			"from": [0, 5.24097, 4.5314],
			"to": [16, 13.24097, 4.5314],
			"shade": false,
			"rotation": {"angle": -22.5, "axis": "x", "origin": [0, 5.24097, -4.2686]},
			"faces": {
				"north": {"uv": [8, 0, 0, 4], "texture": "#0"},
				"south": {"uv": [0, 0, 8, 4], "texture": "#0"}
			}
		},
		{
			"from": [0, -6.49928, 5.67321],
			"to": [16, 1.50072, 5.67321],
			"shade": false,
			"rotation": {"angle": -22.5, "axis": "x", "origin": [0, -6.49928, -18.12679]},
			"faces": {
				"north": {"uv": [8, 4, 0, 8], "texture": "#0"},
				"south": {"uv": [0, 4, 8, 8], "texture": "#0"}
			}
		},
		{
			"from": [0, -13.18437, 2.22906],
			"to": [16, -5.18437, 2.22906],
			"shade": false,
			"rotation": {"angle": -22.5, "axis": "x", "origin": [0, -4.18437, -21.57094]},
			"faces": {
				"north": {"uv": [8, 8, 0, 12.5], "texture": "#0"},
				"south": {"uv": [0, 8, 8, 12.5], "texture": "#0"}
			}
		}
	],
	"display": {
		"thirdperson_righthand": {
			"translation": [0, 1.5, 5.5],
			"scale": [0.56, 0.56, 0.56]
		},
		"thirdperson_lefthand": {
			"translation": [0, 1.5, 5.5],
			"scale": [0.56, 0.56, 0.56]
		},
		"firstperson_righthand": {
			"rotation": [17, 0, 0],
			"translation": [5, -1.75, 0],
			"scale": [0.64, 0.68, 0.64]
		},
		"firstperson_lefthand": {
			"rotation": [17, 0, 0],
			"translation": [5, -1.75, 0],
			"scale": [0.64, 0.64, 0.64]
		},
		"ground": {
			"translation": [0, 0.25, 0],
			"scale": [0.35, 0.35, 0.35]
		},
		"head": {
			"rotation": [0, -180, 0],
			"translation": [0, 0, -13.75]
		},
		"fixed": {
			"rotation": [0, -180, 0],
			"translation": [0, 0, -6.25],
			"scale": [1.19, 1.14, 0.97]
		}
	}
}