{
    "variants": {
        "": [
            { "model": "block/lily_pad0", "weight": 58 },
            { "model": "block/lily_pad0", "y": 90 },
            { "model": "block/lily_pad0", "y": 180 },
            { "model": "block/lily_pad0", "y": 270 },
            { "model": "block/lily_pad1", "weight": 7 },
            { "model": "block/lily_pad1", "y": 90 },
            { "model": "block/lily_pad1", "y": 180 },
            { "model": "block/lily_pad1", "y": 270 },
            { "model": "block/lily_pad2", "weight": 6 },
            { "model": "block/lily_pad2", "y": 90 },
            { "model": "block/lily_pad2", "y": 180 },
            { "model": "block/lily_pad2", "y": 270 },
	    { "model": "block/lily_pad_flower0", "weight": 3 },
            { "model": "block/lily_pad_flower0", "y": 90 },
            { "model": "block/lily_pad_flower0", "y": 180 },
            { "model": "block/lily_pad_flower0", "y": 270 },
            { "model": "block/lily_pad_flower1", "weight": 3 },
            { "model": "block/lily_pad_flower1", "y": 90 },
            { "model": "block/lily_pad_flower1", "y": 180 },
            { "model": "block/lily_pad_flower1", "y": 270 },
            { "model": "block/lily_pad_flower2", "weight": 3 },
            { "model": "block/lily_pad_flower2", "y": 90 },
            { "model": "block/lily_pad_flower2", "y": 180 },
            { "model": "block/lily_pad_flower2", "y": 270 },
            { "model": "block/lily_pad_flower3", "weight": 3 },
            { "model": "block/lily_pad_flower3", "y": 90 },
            { "model": "block/lily_pad_flower3", "y": 180 },
            { "model": "block/lily_pad_flower3", "y": 270 },
            { "model": "block/lily_pad_flower0_glow", "weight": 1 },
            { "model": "block/lily_pad_flower0_glow", "y": 90 },
            { "model": "block/lily_pad_flower0_glow", "y": 180 },
            { "model": "block/lily_pad_flower0_glow", "y": 270 },
            { "model": "block/lily_pad_flower1_glow", "weight": 1 },
            { "model": "block/lily_pad_flower1_glow", "y": 90 },
            { "model": "block/lily_pad_flower1_glow", "y": 180 },
            { "model": "block/lily_pad_flower1_glow", "y": 270 },
            { "model": "block/lily_pad_flower2_glow", "weight": 1 },
            { "model": "block/lily_pad_flower2_glow", "y": 90 },
            { "model": "block/lily_pad_flower2_glow", "y": 180 },
            { "model": "block/lily_pad_flower2_glow", "y": 270 },
            { "model": "block/lily_pad_flower3_glow", "weight": 1 },
            { "model": "block/lily_pad_flower3_glow", "y": 90 },
            { "model": "block/lily_pad_flower3_glow", "y": 180 },
            { "model": "block/lily_pad_flower3_glow", "y": 270 }
        ]
    }
}
