{
  "variants": {
    "axis=x": {
      "model": "minecraft:block/pale_oak_log_horizontal",
      "x": 90,
      "y": 90
    },
    "axis=y": [ {
      "model": "minecraft:block/pale_oak_log_default", "weight": 75
    },
    {
      "model": "minecraft:block/pale_oak_log_branch0", "weight": 2
    },
    {
      "model": "minecraft:block/pale_oak_log_branch1", "weight": 2
    },
    {
      "model": "minecraft:block/pale_oak_log_branch2", "weight": 2
    },
    {
      "model": "minecraft:block/pale_oak_log_branch3", "weight": 2
    },
    {
      "model": "minecraft:block/creaking_pale_oak_log_east", "weight": 1
    },
    {
      "model": "minecraft:block/creaking_pale_oak_log_west", "weight": 1
    },
    {
      "model": "minecraft:block/creaking_pale_oak_log_north", "weight": 1
    },
    {
      "model": "minecraft:block/creaking_pale_oak_log_south", "weight":1
    } ],
    "axis=z": {
      "model": "minecraft:block/pale_oak_log_horizontal",
      "x": 90
    }
  }
}