{
  "multipart": [
    {
      "apply": [
        { "model": "minecraft:block/wildflowers_1_yellow" },
        { "model": "minecraft:block/wildflowers_1_red" },
        { "model": "minecraft:block/wildflowers_1_pink" },
        { "model": "minecraft:block/wildflowers_1_extra_yellow" },
        { "model": "minecraft:block/wildflowers_1_extra_red" },
        { "model": "minecraft:block/wildflowers_1_extra_pink" }
      ],
      "when": { "facing": "north" }
    },
    {
      "apply": [
        { "model": "minecraft:block/wildflowers_1_yellow", "y": 90 },
        { "model": "minecraft:block/wildflowers_1_red", "y": 90 },
        { "model": "minecraft:block/wildflowers_1_pink", "y": 90 },
        { "model": "minecraft:block/wildflowers_1_extra_yellow", "y": 90 },
        { "model": "minecraft:block/wildflowers_1_extra_red", "y": 90 },
        { "model": "minecraft:block/wildflowers_1_extra_pink", "y": 90 }
      ],
      "when": { "facing": "east" }
    },
    {
      "apply": [
        { "model": "minecraft:block/wildflowers_1_yellow", "y": 180 },
        { "model": "minecraft:block/wildflowers_1_red", "y": 180 },
        { "model": "minecraft:block/wildflowers_1_pink", "y": 180 },
        { "model": "minecraft:block/wildflowers_1_extra_yellow", "y": 180 },
        { "model": "minecraft:block/wildflowers_1_extra_red", "y": 180 },
        { "model": "minecraft:block/wildflowers_1_extra_pink", "y": 180 }
      ],
      "when": { "facing": "south" }
    },
    {
      "apply": [
        { "model": "minecraft:block/wildflowers_1_yellow", "y": 270 },
        { "model": "minecraft:block/wildflowers_1_red", "y": 270 },
        { "model": "minecraft:block/wildflowers_1_pink", "y": 270 },
        { "model": "minecraft:block/wildflowers_1_extra_yellow", "y": 270 },
        { "model": "minecraft:block/wildflowers_1_extra_red", "y": 270 },
        { "model": "minecraft:block/wildflowers_1_extra_pink", "y": 270 }
      ],
      "when": { "facing": "west" }
    },
    {
      "apply": [
        { "model": "minecraft:block/wildflowers_2_yellow" },
        { "model": "minecraft:block/wildflowers_2_red" },
        { "model": "minecraft:block/wildflowers_2_pink" },
        { "model": "minecraft:block/wildflowers_2_extra_yellow" },
        { "model": "minecraft:block/wildflowers_2_extra_red" },
        { "model": "minecraft:block/wildflowers_2_extra_pink" }
      ],
      "when": { "facing": "north" }
    },
    {
      "apply": [
        { "model": "minecraft:block/wildflowers_2_yellow", "y": 90 },
        { "model": "minecraft:block/wildflowers_2_red", "y": 90 },
        { "model": "minecraft:block/wildflowers_2_pink", "y": 90 },
        { "model": "minecraft:block/wildflowers_2_extra_yellow", "y": 90 },
        { "model": "minecraft:block/wildflowers_2_extra_red", "y": 90 },
        { "model": "minecraft:block/wildflowers_2_extra_pink", "y": 90 }
      ],
      "when": { "facing": "east" }
    },
    {
      "apply": [
        { "model": "minecraft:block/wildflowers_2_yellow", "y": 180 },
        { "model": "minecraft:block/wildflowers_2_red", "y": 180 },
        { "model": "minecraft:block/wildflowers_2_pink", "y": 180 },
        { "model": "minecraft:block/wildflowers_2_extra_yellow", "y": 180 },
        { "model": "minecraft:block/wildflowers_2_extra_red", "y": 180 },
        { "model": "minecraft:block/wildflowers_2_extra_pink", "y": 180 }
      ],
      "when": { "facing": "south" }
    },
    {
      "apply": [
        { "model": "minecraft:block/wildflowers_2_yellow", "y": 270 },
        { "model": "minecraft:block/wildflowers_2_red", "y": 270 },
        { "model": "minecraft:block/wildflowers_2_pink", "y": 270 },
        { "model": "minecraft:block/wildflowers_2_extra_yellow", "y": 270 },
        { "model": "minecraft:block/wildflowers_2_extra_red", "y": 270 },
        { "model": "minecraft:block/wildflowers_2_extra_pink", "y": 270 }
      ],
      "when": { "facing": "west" }
    },
    {
      "apply": [
        { "model": "minecraft:block/wildflowers_3_yellow" },
        { "model": "minecraft:block/wildflowers_3_red" },
        { "model": "minecraft:block/wildflowers_3_pink" },
        { "model": "minecraft:block/wildflowers_3_extra_yellow" },
        { "model": "minecraft:block/wildflowers_3_extra_red" },
        { "model": "minecraft:block/wildflowers_3_extra_pink" }
      ],
      "when": { "facing": "north" }
    },
    {
      "apply": [
        { "model": "minecraft:block/wildflowers_3_yellow", "y": 90 },
        { "model": "minecraft:block/wildflowers_3_red", "y": 90 },
        { "model": "minecraft:block/wildflowers_3_pink", "y": 90 },
        { "model": "minecraft:block/wildflowers_3_extra_yellow", "y": 90 },
        { "model": "minecraft:block/wildflowers_3_extra_red", "y": 90 },
        { "model": "minecraft:block/wildflowers_3_extra_pink", "y": 90 }
      ],
      "when": { "facing": "east" }
    },
    {
      "apply": [
        { "model": "minecraft:block/wildflowers_3_yellow", "y": 180 },
        { "model": "minecraft:block/wildflowers_3_red", "y": 180 },
        { "model": "minecraft:block/wildflowers_3_pink", "y": 180 },
        { "model": "minecraft:block/wildflowers_3_extra_yellow", "y": 180 },
        { "model": "minecraft:block/wildflowers_3_extra_red", "y": 180 },
        { "model": "minecraft:block/wildflowers_3_extra_pink", "y": 180 }
      ],
      "when": { "facing": "south" }
    },
    {
      "apply": [
        { "model": "minecraft:block/wildflowers_3_yellow", "y": 270 },
        { "model": "minecraft:block/wildflowers_3_red", "y": 270 },
        { "model": "minecraft:block/wildflowers_3_pink", "y": 270 },
        { "model": "minecraft:block/wildflowers_3_extra_yellow", "y": 270 },
        { "model": "minecraft:block/wildflowers_3_extra_red", "y": 270 },
        { "model": "minecraft:block/wildflowers_3_extra_pink", "y": 270 }
      ],
      "when": { "facing": "west" }
    },
    {
      "apply": [
        { "model": "minecraft:block/wildflowers_4_yellow" },
        { "model": "minecraft:block/wildflowers_4_red" },
        { "model": "minecraft:block/wildflowers_4_pink" },
        { "model": "minecraft:block/wildflowers_4_extra_yellow" },
        { "model": "minecraft:block/wildflowers_4_extra_red" },
        { "model": "minecraft:block/wildflowers_4_extra_pink" }
      ],
      "when": { "facing": "north" }
    },
    {
      "apply": [
        { "model": "minecraft:block/wildflowers_4_yellow", "y": 90 },
        { "model": "minecraft:block/wildflowers_4_red", "y": 90 },
        { "model": "minecraft:block/wildflowers_4_pink", "y": 90 },
        { "model": "minecraft:block/wildflowers_4_extra_yellow", "y": 90 },
        { "model": "minecraft:block/wildflowers_4_extra_red", "y": 90 },
        { "model": "minecraft:block/wildflowers_4_extra_pink", "y": 90 }
      ],
      "when": { "facing": "east" }
    },
    {
      "apply": [
        { "model": "minecraft:block/wildflowers_4_yellow", "y": 180 },
        { "model": "minecraft:block/wildflowers_4_red", "y": 180 },
        { "model": "minecraft:block/wildflowers_4_pink", "y": 180 },
        { "model": "minecraft:block/wildflowers_4_extra_yellow", "y": 180 },
        { "model": "minecraft:block/wildflowers_4_extra_red", "y": 180 },
        { "model": "minecraft:block/wildflowers_4_extra_pink", "y": 180 }
      ],
      "when": { "facing": "south" }
    },
    {
      "apply": [
        { "model": "minecraft:block/wildflowers_4_yellow", "y": 270 },
        { "model": "minecraft:block/wildflowers_4_red", "y": 270 },
        { "model": "minecraft:block/wildflowers_4_pink", "y": 270 },
        { "model": "minecraft:block/wildflowers_4_extra_yellow", "y": 270 },
        { "model": "minecraft:block/wildflowers_4_extra_red", "y": 270 },
        { "model": "minecraft:block/wildflowers_4_extra_pink", "y": 270 }
      ],
      "when": { "facing": "west" }
    }
  ]
}
